{
  "n_features": 300,
  "n_train": 13212,
  "n_val": 750,
  "n_test": 2968,
  "scene_classes": [
    "airport",
    "bus",
    "metro",
    "metro_station",
    "park",
    "public_square",
    "shopping_mall",
    "street_pedestrian",
    "street_traffic",
    "tram"
  ],
  "linear": {
    "best_C": 0.01,
    "val_acc": 0.5066666666666667,
    "train_acc_at_best": 0.759763851044505,
    "test_acc": 0.5037061994609164,
    "per_device_test_acc": {
      "a": 0.6484848484848484,
      "b": 0.5653495440729484,
      "c": 0.5531914893617021,
      "s1": 0.4636363636363636,
      "s2": 0.5,
      "s3": 0.5151515151515151,
      "s4": 0.44545454545454544,
      "s5": 0.47575757575757577,
      "s6": 0.36666666666666664
    },
    "tuning_time_s": 34.38076996803284
  },
  "rbf": {
    "best_C": 100.0,
    "best_gamma": "scale",
    "val_acc": 0.692,
    "train_acc_at_best": 1.0,
    "test_acc": 0.5495283018867925,
    "per_device_test_acc": {
      "a": 0.706060606060606,
      "b": 0.6170212765957447,
      "c": 0.601823708206687,
      "s1": 0.5212121212121212,
      "s2": 0.503030303030303,
      "s3": 0.5333333333333333,
      "s4": 0.49696969696969695,
      "s5": 0.503030303030303,
      "s6": 0.4636363636363636
    },
    "tuning_time_s": 542.8587718009949
  }
}