{
  "n_features": 414,
  "n_train": 13212,
  "n_val": 750,
  "n_test": 2968,
  "scene_classes": [
    "airport",
    "bus",
    "metro",
    "metro_station",
    "park",
    "public_square",
    "shopping_mall",
    "street_pedestrian",
    "street_traffic",
    "tram"
  ],
  "linear": {
    "best_C": 0.01,
    "val_acc": 0.5386666666666666,
    "train_acc_at_best": 0.7737662730850742,
    "test_acc": 0.49865229110512127,
    "per_device_test_acc": {
      "a": 0.6454545454545455,
      "b": 0.5349544072948328,
      "c": 0.547112462006079,
      "s1": 0.4575757575757576,
      "s2": 0.49696969696969695,
      "s3": 0.5181818181818182,
      "s4": 0.44242424242424244,
      "s5": 0.47575757575757577,
      "s6": 0.3696969696969697
    },
    "tuning_time_s": 56.730870962142944
  },
  "rbf": {
    "best_C": 100.0,
    "best_gamma": "scale",
    "val_acc": 0.7173333333333334,
    "train_acc_at_best": 1.0,
    "test_acc": 0.5363881401617251,
    "per_device_test_acc": {
      "a": 0.6909090909090909,
      "b": 0.5835866261398176,
      "c": 0.5805471124620061,
      "s1": 0.47575757575757577,
      "s2": 0.49696969696969695,
      "s3": 0.5393939393939394,
      "s4": 0.503030303030303,
      "s5": 0.47878787878787876,
      "s6": 0.47878787878787876
    },
    "tuning_time_s": 803.7813084125519
  }
}